year,park,visits
2008,Acadia National Park,2075857
2008,Arches National Park,928795
2008,Badlands National Park,845734
2008,Big Bend National Park,362512
2008,Biscayne National Park,686062
2008,Black Canyon of the Gunnison National Park,160185
2008,Bryce Canyon National Park,1043321
2008,Canyonlands National Park,436715
2008,Capitol Reef National Park,604811
2008,Carlsbad Caverns National Park,400381
2008,Channel Islands National Park,332177
2008,Congaree National Park,104913
2008,Crater Lake National Park,415686
2008,Cuyahoga Valley National Park,2828233
2008,Death Valley National Park,871938
2008,Denali National Park & Preserve,432309
2008,Dry Tortugas National Park,63947
2008,Everglades National Park,822118
2008,Gates of the Arctic National Park & Preserve,11397
2008,Gateway Arch National Park,1954810
2008,Glacier Bay National Park & Preserve,418911
2008,Glacier National Park,1808027
2008,Grand Canyon National Park,4425314
2008,Grand Teton National Park,2485987
2008,Great Basin National Park,69235
2008,Great Sand Dunes National Park & Preserve,273903
2008,Great Smoky Mountains National Park,9044010
2008,Guadalupe Mountains National Park,163709
2008,Haleakala National Park,1185068
2008,Hawaii Volcanoes National Park,1270538
2008,Hot Springs National Park,1238147
2008,Indiana Dunes National Park,1833596
2008,Isle Royale National Park,14038
2008,Joshua Tree National Park,1392446
2008,Katmai National Park & Preserve,7970
2008,Kenai Fjords National Park,272190
2008,Kings Canyon National Park,574870
2008,Kobuk Valley National Park,1565
2008,Lake Clark National Park & Preserve,6802
2008,Lassen Volcanic National Park,377361
2008,Mammoth Cave National Park,446174
2008,Mesa Verde National Park,551446
2008,Mount Rainier National Park,1163227
2008,New River Gorge National Park & Preserve,1212854
2008,North Cascades National Park,18725
2008,Olympic National Park,3081451
2008,Petrified Forest National Park,543714
2008,Pinnacles National Park,166988
2008,Redwood National Park,396899
2008,Rock Creek Park,2076466
2008,Rocky Mountain National Park,2757390
2008,Saguaro National Park,699137
2008,Sequoia National Park,930011
2008,Shenandoah National Park,1075878
2008,Theodore Roosevelt National Park,516804
2008,Virgin Islands National Park,469034
2008,Voyageurs National Park,221585
2008,White Sands National Park,438511
2008,Wind Cave National Park,573433
2008,Wrangell-St. Elias National Park & Preserve,65693
2008,Yellowstone National Park,3066580
2008,Yosemite National Park,3431514
2008,Zion National Park,2690154
2009,Acadia National Park,2227698
2009,Arches National Park,996312
2009,Badlands National Park,933918
2009,Big Bend National Park,363905
2009,Biscayne National Park,437745
2009,Black Canyon of the Gunnison National Park,171451
2009,Bryce Canyon National Park,1216377
2009,Canyonlands National Park,436241
2009,Capitol Reef National Park,617208
2009,Carlsbad Caverns National Park,432639
2009,Channel Islands National Park,348745
2009,Congaree National Park,122970
2009,Crater Lake National Park,446516
2009,Cuyahoga Valley National Park,2589288
2009,Death Valley National Park,828574
2009,Denali National Park & Preserve,358041
2009,Dry Tortugas National Park,52011
2009,Everglades National Park,900882
2009,Gates of the Arctic National Park & Preserve,9975
2009,Gateway Arch National Park,2360109
2009,Glacier Bay National Park & Preserve,438361
2009,Glacier National Park,2031348
2009,Grand Canyon National Park,4348068
2009,Grand Teton National Park,2580081
2009,Great Basin National Park,84974
2009,Great Sand Dunes National Park & Preserve,289955
2009,Great Smoky Mountains National Park,9491437
2009,Guadalupe Mountains National Park,198882
2009,Haleakala National Park,1109104
2009,Hawaii Volcanoes National Park,1233105
2009,Hot Springs National Park,1284707
2009,Indiana Dunes National Park,1944568
2009,Isle Royale National Park,14653
2009,Joshua Tree National Park,1304471
2009,Katmai National Park & Preserve,43035
2009,Kenai Fjords National Park,218358
2009,Kings Canyon National Park,609296
2009,Kobuk Valley National Park,1879
2009,Lake Clark National Park & Preserve,9711
2009,Lassen Volcanic National Park,365639
2009,Mammoth Cave National Park,503856
2009,Mesa Verde National Park,550377
2009,Mount Rainier National Park,1151654
2009,New River Gorge National Park & Preserve,1144318
2009,North Cascades National Park,26972
2009,Olympic National Park,3276459
2009,Petrified Forest National Park,631613
2009,Pinnacles National Park,171112
2009,Redwood National Park,444426
2009,Rock Creek Park,2076500
2009,Rocky Mountain National Park,2822325
2009,Saguaro National Park,665234
2009,Sequoia National Park,965170
2009,Shenandoah National Park,1120981
2009,Theodore Roosevelt National Park,586928
2009,Virgin Islands National Park,415847
2009,Voyageurs National Park,222429
2009,White Sands National Park,471167
2009,Wind Cave National Park,587868
2009,Wrangell-St. Elias National Park & Preserve,59966
2009,Yellowstone National Park,3295187
2009,Yosemite National Park,3737472
2009,Zion National Park,2735402
2010,Acadia National Park,2504208
2010,Arches National Park,1014405
2010,Badlands National Park,977778
2010,Big Bend National Park,372330
2010,Biscayne National Park,467612
2010,Black Canyon of the Gunnison National Park,176344
2010,Bryce Canyon National Park,1285492
2010,Canyonlands National Park,435908
2010,Capitol Reef National Park,662661
2010,Carlsbad Caverns National Park,428524
2010,Channel Islands National Park,277515
2010,Congaree National Park,121208
2010,Crater Lake National Park,448319
2010,Cuyahoga Valley National Park,2492670
2010,Death Valley National Park,984775
2010,Denali National Park & Preserve,378855
2010,Dry Tortugas National Park,53890
2010,Everglades National Park,915538
2010,Gates of the Arctic National Park & Preserve,10840
2010,Gateway Arch National Park,2436110
2010,Glacier Bay National Park & Preserve,444530
2010,Glacier National Park,2200048
2010,Grand Canyon National Park,4388386
2010,Grand Teton National Park,2669374
2010,Great Basin National Park,88870
2010,Great Sand Dunes National Park & Preserve,283284
2010,Great Smoky Mountains National Park,9463538
2010,Guadalupe Mountains National Park,192210
2010,Haleakala National Park,1105606
2010,Hawaii Volcanoes National Park,1304667
2010,Hot Springs National Park,1311807
2010,Indiana Dunes National Park,2150345
2010,Isle Royale National Park,15793
2010,Joshua Tree National Park,1434976
2010,Katmai National Park & Preserve,55172
2010,Kenai Fjords National Park,297596
2010,Kings Canyon National Park,598205
2010,Kobuk Valley National Park,3164
2010,Lake Clark National Park & Preserve,9931
2010,Lassen Volcanic National Park,384570
2010,Mammoth Cave National Park,497225
2010,Mesa Verde National Park,559712
2010,Mount Rainier National Park,1191754
2010,New River Gorge National Park & Preserve,1151213
2010,North Cascades National Park,24659
2010,Olympic National Park,2844563
2010,Petrified Forest National Park,664725
2010,Pinnacles National Park,246575
2010,Redwood National Park,418820
2010,Rock Creek Park,1883457
2010,Rocky Mountain National Park,2955821
2010,Saguaro National Park,717614
2010,Sequoia National Park,1002979
2010,Shenandoah National Park,1253386
2010,Theodore Roosevelt National Park,623748
2010,Virgin Islands National Park,493477
2010,Voyageurs National Park,253891
2010,White Sands National Park,470921
2010,Wind Cave National Park,577141
2010,Wrangell-St. Elias National Park & Preserve,73170
2010,Yellowstone National Park,3640185
2010,Yosemite National Park,3901408
2010,Zion National Park,2665972
2011,Acadia National Park,2374645
2011,Arches National Park,1040758
2011,Badlands National Park,870741
2011,Big Bend National Park,361862
2011,Biscayne National Park,476077
2011,Black Canyon of the Gunnison National Park,168336
2011,Bryce Canyon National Park,1296000
2011,Canyonlands National Park,473773
2011,Capitol Reef National Park,668834
2011,Carlsbad Caverns National Park,365000
2011,Channel Islands National Park,242756
2011,Congaree National Park,120166
2011,Crater Lake National Park,423551
2011,Cuyahoga Valley National Park,2161185
2011,Death Valley National Park,946867
2011,Denali National Park & Preserve,406582
2011,Dry Tortugas National Park,75171
2011,Everglades National Park,934351
2011,Gates of the Arctic National Park & Preserve,11623
2011,Gateway Arch National Park,2259020
2011,Glacier Bay National Park & Preserve,431986
2011,Glacier National Park,1853564
2011,Grand Canyon National Park,4298178
2011,Grand Teton National Park,2587437
2011,Great Basin National Park,91451
2011,Great Sand Dunes National Park & Preserve,280058
2011,Great Smoky Mountains National Park,9008830
2011,Guadalupe Mountains National Park,152546
2011,Haleakala National Park,956989
2011,Hawaii Volcanoes National Park,1352123
2011,Hot Springs National Park,1396354
2011,Indiana Dunes National Park,1840513
2011,Isle Royale National Park,15892
2011,Joshua Tree National Park,1396237
2011,Katmai National Park & Preserve,48939
2011,Kenai Fjords National Park,346852
2011,Kings Canyon National Park,566810
2011,Kobuk Valley National Park,11485
2011,Lake Clark National Park & Preserve,5158
2011,Lassen Volcanic National Park,351269
2011,Mammoth Cave National Park,483319
2011,Mesa Verde National Park,572329
2011,Mount Rainier National Park,1038229
2011,New River Gorge National Park & Preserve,1071088
2011,North Cascades National Park,19208
2011,Olympic National Park,2966502
2011,Petrified Forest National Park,614054
2011,Pinnacles National Park,393219
2011,Redwood National Park,380167
2011,Rock Creek Park,2050490
2011,Rocky Mountain National Park,3176941
2011,Saguaro National Park,610045
2011,Sequoia National Park,1006583
2011,Shenandoah National Park,1209883
2011,Theodore Roosevelt National Park,563407
2011,Virgin Islands National Park,442414
2011,Voyageurs National Park,177184
2011,White Sands National Park,428924
2011,Wind Cave National Park,538394
2011,Wrangell-St. Elias National Park & Preserve,65225
2011,Yellowstone National Park,3394326
2011,Yosemite National Park,3951393
2011,Zion National Park,2825505
2012,Acadia National Park,2431052
2012,Arches National Park,1070577
2012,Badlands National Park,883406
2012,Big Bend National Park,292055
2012,Biscayne National Park,495613
2012,Black Canyon of the Gunnison National Park,192570
2012,Bryce Canyon National Park,1385352
2012,Canyonlands National Park,452952
2012,Capitol Reef National Park,673345
2012,Carlsbad Caverns National Park,381058
2012,Channel Islands National Park,249594
2012,Congaree National Park,109685
2012,Crater Lake National Park,447251
2012,Cuyahoga Valley National Park,2299722
2012,Death Valley National Park,984568
2012,Denali National Park & Preserve,388433
2012,Dry Tortugas National Park,60550
2012,Everglades National Park,1141906
2012,Gates of the Arctic National Park & Preserve,10899
2012,Gateway Arch National Park,2496726
2012,Glacier Bay National Park & Preserve,454337
2012,Glacier National Park,2162035
2012,Grand Canyon National Park,4421352
2012,Grand Teton National Park,2705256
2012,Great Basin National Park,94850
2012,Great Sand Dunes National Park & Preserve,254674
2012,Great Smoky Mountains National Park,9685829
2012,Guadalupe Mountains National Park,159360
2012,Haleakala National Park,1094668
2012,Hawaii Volcanoes National Park,1483928
2012,Hot Springs National Park,1302505
2012,Indiana Dunes National Park,1889381
2012,Isle Royale National Park,16663
2012,Joshua Tree National Park,1396117
2012,Katmai National Park & Preserve,39818
2012,Kenai Fjords National Park,281279
2012,Kings Canyon National Park,591033
2012,Kobuk Valley National Park,29550
2012,Lake Clark National Park & Preserve,11639
2012,Lassen Volcanic National Park,407653
2012,Mammoth Cave National Park,508054
2012,Mesa Verde National Park,488860
2012,Mount Rainier National Park,1049178
2012,New River Gorge National Park & Preserve,1128195
2012,North Cascades National Park,26935
2012,Olympic National Park,2824908
2012,Petrified Forest National Park,664857
2012,Pinnacles National Park,224476
2012,Redwood National Park,352517
2012,Rock Creek Park,2003385
2012,Rocky Mountain National Park,3229617
2012,Saguaro National Park,634286
2012,Sequoia National Park,1106584
2012,Shenandoah National Park,1210200
2012,Theodore Roosevelt National Park,640555
2012,Virgin Islands National Park,483341
2012,Voyageurs National Park,214841
2012,White Sands National Park,447385
2012,Wind Cave National Park,529083
2012,Wrangell-St. Elias National Park & Preserve,87158
2012,Yellowstone National Park,3447729
2012,Yosemite National Park,3853404
2012,Zion National Park,2973607
2013,Acadia National Park,2254922
2013,Arches National Park,1082866
2013,Badlands National Park,892372
2013,Big Bend National Park,316953
2013,Biscayne National Park,486848
2013,Black Canyon of the Gunnison National Park,175852
2013,Bryce Canyon National Park,1311875
2013,Canyonlands National Park,462242
2013,Capitol Reef National Park,663670
2013,Carlsbad Caverns National Park,388566
2013,Channel Islands National Park,212029
2013,Congaree National Park,120340
2013,Crater Lake National Park,523027
2013,Cuyahoga Valley National Park,2103010
2013,Death Valley National Park,951972
2013,Denali National Park & Preserve,530922
2013,Dry Tortugas National Park,58401
2013,Everglades National Park,1047116
2013,Gates of the Arctic National Park & Preserve,11012
2013,Gateway Arch National Park,2377258
2013,Glacier Bay National Park & Preserve,500590
2013,Glacier National Park,2190374
2013,Grand Canyon National Park,4564840
2013,Grand Teton National Park,2688794
2013,Great Basin National Park,92893
2013,Great Sand Dunes National Park & Preserve,242841
2013,Great Smoky Mountains National Park,9354695
2013,Guadalupe Mountains National Park,145670
2013,Haleakala National Park,785300
2013,Hawaii Volcanoes National Park,1583209
2013,Hot Springs National Park,1325719
2013,Indiana Dunes National Park,1681695
2013,Isle Royale National Park,16274
2013,Joshua Tree National Park,1383340
2013,Katmai National Park & Preserve,28966
2013,Kenai Fjords National Park,283502
2013,Kings Canyon National Park,567544
2013,Kobuk Valley National Park,16875
2013,Lake Clark National Park & Preserve,13000
2013,Lassen Volcanic National Park,427409
2013,Mammoth Cave National Park,494541
2013,Mesa Verde National Park,460237
2013,Mount Rainier National Park,1148552
2013,New River Gorge National Park & Preserve,1071823
2013,North Cascades National Park,21623
2013,Olympic National Park,3085340
2013,Petrified Forest National Park,644648
2013,Pinnacles National Park,237677
2013,Redwood National Park,393364
2013,Rock Creek Park,1968995
2013,Rocky Mountain National Park,2991141
2013,Saguaro National Park,678261
2013,Sequoia National Park,909274
2013,Shenandoah National Park,1136505
2013,Theodore Roosevelt National Park,545090
2013,Virgin Islands National Park,438601
2013,Voyageurs National Park,233390
2013,White Sands National Park,490544
2013,Wind Cave National Park,516142
2013,Wrangell-St. Elias National Park & Preserve,69984
2013,Yellowstone National Park,3188030
2013,Yosemite National Park,3691191
2013,Zion National Park,2807387
2014,Acadia National Park,2563129
2014,Arches National Park,1284767
2014,Badlands National Park,868094
2014,Big Bend National Park,314102
2014,Biscayne National Park,525745
2014,Black Canyon of the Gunnison National Park,183045
2014,Bryce Canyon National Park,1435741
2014,Canyonlands National Park,542431
2014,Capitol Reef National Park,786514
2014,Carlsbad Caverns National Park,397309
2014,Channel Islands National Park,342161
2014,Congaree National Park,120122
2014,Crater Lake National Park,535508
2014,Cuyahoga Valley National Park,2189849
2014,Death Valley National Park,1101312
2014,Denali National Park & Preserve,531315
2014,Dry Tortugas National Park,64865
2014,Everglades National Park,1110901
2014,Gates of the Arctic National Park & Preserve,12669
2014,Gateway Arch National Park,1817091
2014,Glacier Bay National Park & Preserve,500727
2014,Glacier National Park,2338528
2014,Grand Canyon National Park,4756771
2014,Grand Teton National Park,2791392
2014,Great Basin National Park,107526
2014,Great Sand Dunes National Park & Preserve,271774
2014,Great Smoky Mountains National Park,10099276
2014,Guadalupe Mountains National Park,166868
2014,Haleakala National Park,1142040
2014,Hawaii Volcanoes National Park,1693005
2014,Hot Springs National Park,1424484
2014,Indiana Dunes National Park,1553372
2014,Isle Royale National Park,14560
2014,Joshua Tree National Park,1589904
2014,Katmai National Park & Preserve,30896
2014,Kenai Fjords National Park,270666
2014,Kings Canyon National Park,502268
2014,Kobuk Valley National Park,0
2014,Lake Clark National Park & Preserve,16100
2014,Lassen Volcanic National Park,432977
2014,Mammoth Cave National Park,522628
2014,Mesa Verde National Park,501563
2014,Mount Rainier National Park,1264259
2014,New River Gorge National Park & Preserve,1124799
2014,North Cascades National Park,23865
2014,Olympic National Park,3243872
2014,Petrified Forest National Park,836799
2014,Pinnacles National Park,196635
2014,Redwood National Park,429166
2014,Rock Creek Park,2437948
2014,Rocky Mountain National Park,3434751
2014,Saguaro National Park,673572
2014,Sequoia National Park,1039137
2014,Shenandoah National Park,1255321
2014,Theodore Roosevelt National Park,559580
2014,Virgin Islands National Park,426930
2014,Voyageurs National Park,239160
2014,White Sands National Park,503660
2014,Wind Cave National Park,547022
2014,Wrangell-St. Elias National Park & Preserve,74722
2014,Yellowstone National Park,3513484
2014,Yosemite National Park,3882642
2014,Zion National Park,3189696
2015,Acadia National Park,2811184
2015,Arches National Park,1399247
2015,Badlands National Park,989354
2015,Big Bend National Park,381747
2015,Biscayne National Park,508164
2015,Black Canyon of the Gunnison National Park,209166
2015,Bryce Canyon National Park,1745804
2015,Canyonlands National Park,634607
2015,Capitol Reef National Park,941029
2015,Carlsbad Caverns National Park,445720
2015,Channel Islands National Park,324816
2015,Congaree National Park,87513
2015,Crater Lake National Park,614712
2015,Cuyahoga Valley National Park,2284612
2015,Death Valley National Park,1154843
2015,Denali National Park & Preserve,560757
2015,Dry Tortugas National Park,70862
2015,Everglades National Park,1077427
2015,Gates of the Arctic National Park & Preserve,10745
2015,Gateway Arch National Park,1698656
2015,Glacier Bay National Park & Preserve,551353
2015,Glacier National Park,2366056
2015,Grand Canyon National Park,5520736
2015,Grand Teton National Park,3149921
2015,Great Basin National Park,116123
2015,Great Sand Dunes National Park & Preserve,299513
2015,Great Smoky Mountains National Park,10712674
2015,Guadalupe Mountains National Park,169535
2015,Haleakala National Park,1216772
2015,Hawaii Volcanoes National Park,1832660
2015,Hot Springs National Park,1418162
2015,Indiana Dunes National Park,1640195
2015,Isle Royale National Park,18684
2015,Joshua Tree National Park,2025756
2015,Katmai National Park & Preserve,37818
2015,Kenai Fjords National Park,296697
2015,Kings Canyon National Park,468106
2015,Kobuk Valley National Park,0
2015,Lake Clark National Park & Preserve,17818
2015,Lassen Volcanic National Park,468092
2015,Mammoth Cave National Park,566895
2015,Mesa Verde National Park,547325
2015,Mount Rainier National Park,1237231
2015,New River Gorge National Park & Preserve,1178753
2015,North Cascades National Park,20677
2015,Olympic National Park,3263761
2015,Petrified Forest National Park,793225
2015,Pinnacles National Park,206533
2015,Redwood National Park,527143
2015,Rock Creek Park,2443772
2015,Rocky Mountain National Park,4155916
2015,Saguaro National Park,753446
2015,Sequoia National Park,1097464
2015,Shenandoah National Park,1321873
2015,Theodore Roosevelt National Park,580033
2015,Virgin Islands National Park,438372
2015,Voyageurs National Park,238313
2015,White Sands National Park,497506
2015,Wind Cave National Park,612198
2015,Wrangell-St. Elias National Park & Preserve,80366
2015,Yellowstone National Park,4097710
2015,Yosemite National Park,4150217
2015,Zion National Park,3648846
2016,Acadia National Park,3303393
2016,Arches National Park,1585718
2016,Badlands National Park,996263
2016,Big Bend National Park,388290
2016,Biscayne National Park,514709
2016,Black Canyon of the Gunnison National Park,238018
2016,Bryce Canyon National Park,2365110
2016,Canyonlands National Park,776218
2016,Capitol Reef National Park,1064904
2016,Carlsbad Caverns National Park,466773
2016,Channel Islands National Park,364807
2016,Congaree National Park,143843
2016,Crater Lake National Park,756344
2016,Cuyahoga Valley National Park,2423390
2016,Death Valley National Park,1296283
2016,Denali National Park & Preserve,587412
2016,Dry Tortugas National Park,73661
2016,Everglades National Park,930907
2016,Gates of the Arctic National Park & Preserve,10047
2016,Gateway Arch National Park,1271855
2016,Glacier Bay National Park & Preserve,520171
2016,Glacier National Park,2946681
2016,Grand Canyon National Park,5969811
2016,Grand Teton National Park,3270076
2016,Great Basin National Park,144846
2016,Great Sand Dunes National Park & Preserve,388308
2016,Great Smoky Mountains National Park,11312786
2016,Guadalupe Mountains National Park,181839
2016,Haleakala National Park,1263558
2016,Hawaii Volcanoes National Park,1887580
2016,Hot Springs National Park,1544300
2016,Indiana Dunes National Park,1698223
2016,Isle Royale National Park,24966
2016,Joshua Tree National Park,2505286
2016,Katmai National Park & Preserve,37818
2016,Kenai Fjords National Park,346534
2016,Kings Canyon National Park,607479
2016,Kobuk Valley National Park,15500
2016,Lake Clark National Park & Preserve,21102
2016,Lassen Volcanic National Park,536068
2016,Mammoth Cave National Park,586514
2016,Mesa Verde National Park,583527
2016,Mount Rainier National Park,1356913
2016,New River Gorge National Park & Preserve,1197931
2016,North Cascades National Park,28646
2016,Olympic National Park,3390221
2016,Petrified Forest National Park,643274
2016,Pinnacles National Park,215555
2016,Redwood National Park,536297
2016,Rock Creek Park,2478735
2016,Rocky Mountain National Park,4517585
2016,Saguaro National Park,820426
2016,Sequoia National Park,1254688
2016,Shenandoah National Park,1437341
2016,Theodore Roosevelt National Park,753880
2016,Virgin Islands National Park,411343
2016,Voyageurs National Park,241912
2016,White Sands National Park,555793
2016,Wind Cave National Park,617377
2016,Wrangell-St. Elias National Park & Preserve,79047
2016,Yellowstone National Park,4257177
2016,Yosemite National Park,5028868
2016,Zion National Park,4295127
2017,Acadia National Park,3509271
2017,Arches National Park,1539028
2017,Badlands National Park,1054325
2017,Big Bend National Park,440276
2017,Biscayne National Park,446961
2017,Black Canyon of the Gunnison National Park,307143
2017,Bryce Canyon National Park,2571684
2017,Canyonlands National Park,742271
2017,Capitol Reef National Park,1150165
2017,Carlsbad Caverns National Park,520026
2017,Channel Islands National Park,383687
2017,Congaree National Park,159595
2017,Crater Lake National Park,711749
2017,Cuyahoga Valley National Park,2226879
2017,Death Valley National Park,1294827
2017,Denali National Park & Preserve,642809
2017,Dry Tortugas National Park,54281
2017,Everglades National Park,1018557
2017,Gates of the Arctic National Park & Preserve,11177
2017,Gateway Arch National Park,1398188
2017,Glacier Bay National Park & Preserve,547057
2017,Glacier National Park,3305512
2017,Grand Canyon National Park,6254238
2017,Grand Teton National Park,3317000
2017,Great Basin National Park,168028
2017,Great Sand Dunes National Park & Preserve,486935
2017,Great Smoky Mountains National Park,11338893
2017,Guadalupe Mountains National Park,225257
2017,Haleakala National Park,1112390
2017,Hawaii Volcanoes National Park,2016702
2017,Hot Springs National Park,1561616
2017,Indiana Dunes National Park,2158471
2017,Isle Royale National Park,28196
2017,Joshua Tree National Park,2853619
2017,Katmai National Park & Preserve,37818
2017,Kenai Fjords National Park,303598
2017,Kings Canyon National Park,692932
2017,Kobuk Valley National Park,15500
2017,Lake Clark National Park & Preserve,22755
2017,Lassen Volcanic National Park,507256
2017,Mammoth Cave National Park,587853
2017,Mesa Verde National Park,613788
2017,Mount Rainier National Park,1415867
2017,New River Gorge National Park & Preserve,1168658
2017,North Cascades National Park,30326
2017,Olympic National Park,3401996
2017,Petrified Forest National Park,627757
2017,Pinnacles National Park,233334
2017,Redwood National Park,445000
2017,Rock Creek Park,2483788
2017,Rocky Mountain National Park,4437215
2017,Saguaro National Park,964760
2017,Sequoia National Park,1291256
2017,Shenandoah National Park,1458874
2017,Theodore Roosevelt National Park,708003
2017,Virgin Islands National Park,304408
2017,Voyageurs National Park,237250
2017,White Sands National Park,612468
2017,Wind Cave National Park,619924
2017,Wrangell-St. Elias National Park & Preserve,68292
2017,Yellowstone National Park,4116524
2017,Yosemite National Park,4336890
2017,Zion National Park,4504812
2018,Acadia National Park,3537575
2018,Arches National Park,1663557
2018,Badlands National Park,1008942
2018,Big Bend National Park,440091
2018,Biscayne National Park,469253
2018,Black Canyon of the Gunnison National Park,308962
2018,Bryce Canyon National Park,2679478
2018,Canyonlands National Park,739449
2018,Capitol Reef National Park,1227627
2018,Carlsbad Caverns National Park,465912
2018,Channel Islands National Park,366250
2018,Congaree National Park,145929
2018,Crater Lake National Park,720659
2018,Cuyahoga Valley National Park,2096053
2018,Death Valley National Park,1678660
2018,Denali National Park & Preserve,594660
2018,Dry Tortugas National Park,56810
2018,Everglades National Park,597124
2018,Gates of the Arctic National Park & Preserve,9591
2018,Gateway Arch National Park,2016180
2018,Glacier Bay National Park & Preserve,597915
2018,Glacier National Park,2965309
2018,Grand Canyon National Park,6380495
2018,Grand Teton National Park,3491151
2018,Great Basin National Park,153094
2018,Great Sand Dunes National Park & Preserve,442905
2018,Great Smoky Mountains National Park,11421200
2018,Guadalupe Mountains National Park,172347
2018,Haleakala National Park,1044084
2018,Hawaii Volcanoes National Park,1116891
2018,Hot Springs National Park,1506887
2018,Indiana Dunes National Park,1756079
2018,Isle Royale National Park,25798
2018,Joshua Tree National Park,2942382
2018,Katmai National Park & Preserve,37818
2018,Kenai Fjords National Park,321596
2018,Kings Canyon National Park,699023
2018,Kobuk Valley National Park,14937
2018,Lake Clark National Park & Preserve,14479
2018,Lassen Volcanic National Park,499435
2018,Mammoth Cave National Park,533206
2018,Mesa Verde National Park,563420
2018,Mount Rainier National Park,1518491
2018,New River Gorge National Park & Preserve,1232627
2018,North Cascades National Park,30085
2018,Olympic National Park,3104455
2018,Petrified Forest National Park,644922
2018,Pinnacles National Park,222152
2018,Redwood National Park,482536
2018,Rock Creek Park,2395342
2018,Rocky Mountain National Park,4590493
2018,Saguaro National Park,957405
2018,Sequoia National Park,1229594
2018,Shenandoah National Park,1264880
2018,Theodore Roosevelt National Park,749389
2018,Virgin Islands National Park,112287
2018,Voyageurs National Park,239656
2018,White Sands National Park,603008
2018,Wind Cave National Park,656397
2018,Wrangell-St. Elias National Park & Preserve,79450
2018,Yellowstone National Park,4115000
2018,Yosemite National Park,4009436
2018,Zion National Park,4320033
2019,Acadia National Park,3437286
2019,Arches National Park,1659702
2019,Badlands National Park,970998
2019,Big Bend National Park,463832
2019,Biscayne National Park,708522
2019,Black Canyon of the Gunnison National Park,432818
2019,Bryce Canyon National Park,2594904
2019,Canyonlands National Park,733996
2019,Capitol Reef National Park,1226519
2019,Carlsbad Caverns National Park,440691
2019,Channel Islands National Park,409630
2019,Congaree National Park,159445
2019,Crater Lake National Park,704512
2019,Cuyahoga Valley National Park,2237997
2019,Death Valley National Park,1740945
2019,Denali National Park & Preserve,601152
2019,Dry Tortugas National Park,79200
2019,Everglades National Park,1118300
2019,Gates of the Arctic National Park & Preserve,10518
2019,Gateway Arch National Park,2055309
2019,Glacier Bay National Park & Preserve,672087
2019,Glacier National Park,3049839
2019,Grand Canyon National Park,5974411
2019,Grand Teton National Park,3405614
2019,Great Basin National Park,131802
2019,Great Sand Dunes National Park & Preserve,527546
2019,Great Smoky Mountains National Park,12547743
2019,Guadalupe Mountains National Park,188833
2019,Haleakala National Park,994394
2019,Hawaii Volcanoes National Park,1368376
2019,Hot Springs National Park,1467153
2019,Indiana Dunes National Park,2134285
2019,Isle Royale National Park,26410
2019,Joshua Tree National Park,2988547
2019,Katmai National Park & Preserve,84167
2019,Kenai Fjords National Park,356601
2019,Kings Canyon National Park,632110
2019,Kobuk Valley National Park,15766
2019,Lake Clark National Park & Preserve,17157
2019,Lassen Volcanic National Park,517039
2019,Mammoth Cave National Park,551590
2019,Mesa Verde National Park,556203
2019,Mount Rainier National Park,1501621
2019,New River Gorge National Park & Preserve,1195721
2019,North Cascades National Park,38208
2019,Olympic National Park,3245806
2019,Petrified Forest National Park,643588
2019,Pinnacles National Park,177224
2019,Redwood National Park,504722
2019,Rock Creek Park,2416232
2019,Rocky Mountain National Park,4670053
2019,Saguaro National Park,1020226
2019,Sequoia National Park,1246053
2019,Shenandoah National Park,1425507
2019,Theodore Roosevelt National Park,691658
2019,Virgin Islands National Park,133398
2019,Voyageurs National Park,232974
2019,White Sands National Park,608785
2019,Wind Cave National Park,615350
2019,Wrangell-St. Elias National Park & Preserve,74518
2019,Yellowstone National Park,4020288
2019,Yosemite National Park,4422861
2019,Zion National Park,4488268
2020,Acadia National Park,2669034
2020,Arches National Park,1238083
2020,Badlands National Park,916932
2020,Big Bend National Park,393907
2020,Biscayne National Park,402770
2020,Black Canyon of the Gunnison National Park,341620
2020,Bryce Canyon National Park,1464655
2020,Canyonlands National Park,493914
2020,Capitol Reef National Park,981038
2020,Carlsbad Caverns National Park,183835
2020,Channel Islands National Park,167290
2020,Congaree National Park,119306
2020,Crater Lake National Park,670500
2020,Cuyahoga Valley National Park,2755628
2020,Death Valley National Park,820023
2020,Denali National Park & Preserve,54850
2020,Dry Tortugas National Park,48543
2020,Everglades National Park,702319
2020,Gates of the Arctic National Park & Preserve,2872
2020,Gateway Arch National Park,486021
2020,Glacier Bay National Park & Preserve,5748
2020,Glacier National Park,1698864
2020,Grand Canyon National Park,2897098
2020,Grand Teton National Park,3289638
2020,Great Basin National Park,120248
2020,Great Sand Dunes National Park & Preserve,461532
2020,Great Smoky Mountains National Park,12095720
2020,Guadalupe Mountains National Park,151256
2020,Haleakala National Park,319147
2020,Hawaii Volcanoes National Park,589775
2020,Hot Springs National Park,1348215
2020,Indiana Dunes National Park,2293106
2020,Isle Royale National Park,6493
2020,Joshua Tree National Park,2399542
2020,Katmai National Park & Preserve,51511
2020,Kenai Fjords National Park,115882
2020,Kings Canyon National Park,415077
2020,Kobuk Valley National Park,11185
2020,Lake Clark National Park & Preserve,4948
2020,Lassen Volcanic National Park,542274
2020,Mammoth Cave National Park,290392
2020,Mesa Verde National Park,287477
2020,Mount Rainier National Park,1160754
2020,New River Gorge National Park & Preserve,1054374
2020,North Cascades National Park,30885
2020,Olympic National Park,2499177
2020,Petrified Forest National Park,384483
2020,Pinnacles National Park,165740
2020,Redwood National Park,265177
2020,Rock Creek Park,1768152
2020,Rocky Mountain National Park,3305199
2020,Saguaro National Park,762226
2020,Sequoia National Park,796086
2020,Shenandoah National Park,1666265
2020,Theodore Roosevelt National Park,551303
2020,Virgin Islands National Park,167540
2020,Voyageurs National Park,263091
2020,White Sands National Park,415383
2020,Wind Cave National Park,448405
2020,Wrangell-St. Elias National Park & Preserve,16655
2020,Yellowstone National Park,3806306
2020,Yosemite National Park,2268313
2020,Zion National Park,3591254
2021,Acadia National Park,4069098
2021,Arches National Park,1806865
2021,Badlands National Park,1224226
2021,Big Bend National Park,581220
2021,Biscayne National Park,705655
2021,Black Canyon of the Gunnison National Park,308910
2021,Bryce Canyon National Park,2104600
2021,Canyonlands National Park,911594
2021,Capitol Reef National Park,1405353
2021,Carlsbad Caverns National Park,349244
2021,Channel Islands National Park,319252
2021,Congaree National Park,215181
2021,Crater Lake National Park,647751
2021,Cuyahoga Valley National Park,2575275
2021,Death Valley National Park,1146551
2021,Denali National Park & Preserve,229521
2021,Dry Tortugas National Park,83817
2021,Everglades National Park,942130
2021,Gates of the Arctic National Park & Preserve,7362
2021,Gateway Arch National Park,1145081
2021,Glacier Bay National Park & Preserve,89768
2021,Glacier National Park,3081656
2021,Grand Canyon National Park,4532677
2021,Grand Teton National Park,3885230
2021,Great Basin National Park,144875
2021,Great Sand Dunes National Park & Preserve,602613
2021,Great Smoky Mountains National Park,14161548
2021,Guadalupe Mountains National Park,243291
2021,Haleakala National Park,853181
2021,Hawaii Volcanoes National Park,1262747
2021,Hot Springs National Park,2162884
2021,Indiana Dunes National Park,3177210
2021,Isle Royale National Park,25844
2021,Joshua Tree National Park,3064400
2021,Katmai National Park & Preserve,24764
2021,Kenai Fjords National Park,411782
2021,Kings Canyon National Park,562918
2021,Kobuk Valley National Park,11540
2021,Lake Clark National Park & Preserve,18278
2021,Lassen Volcanic National Park,359635
2021,Mammoth Cave National Park,515774
2021,Mesa Verde National Park,548477
2021,Mount Rainier National Park,1670063
2021,New River Gorge National Park & Preserve,1682720
2021,North Cascades National Park,17855
2021,Olympic National Park,2718925
2021,Petrified Forest National Park,590334
2021,Pinnacles National Park,348857
2021,Redwood National Park,435879
2021,Rock Creek Park,1838346
2021,Rocky Mountain National Park,4434848
2021,Saguaro National Park,1079786
2021,Sequoia National Park,1059548
2021,Shenandoah National Park,1592312
2021,Theodore Roosevelt National Park,796085
2021,Virgin Islands National Park,323999
2021,Voyageurs National Park,243042
2021,White Sands National Park,782469
2021,Wind Cave National Park,709001
2021,Wrangell-St. Elias National Park & Preserve,50189
2021,Yellowstone National Park,4860242
2021,Yosemite National Park,3287595
2021,Zion National Park,5039835
2022,Acadia National Park,3970260
2022,Arches National Park,1460652
2022,Badlands National Park,1006809
2022,Big Bend National Park,514107
2022,Biscayne National Park,701023
2022,Black Canyon of the Gunnison National Park,297257
2022,Bryce Canyon National Park,2354660
2022,Canyonlands National Park,779147
2022,Capitol Reef National Park,1227608
2022,Carlsbad Caverns National Park,390932
2022,Channel Islands National Park,323245
2022,Congaree National Park,204522
2022,Crater Lake National Park,527259
2022,Cuyahoga Valley National Park,2913312
2022,Death Valley National Park,1128862
2022,Denali National Park & Preserve,427562
2022,Dry Tortugas National Park,78488
2022,Everglades National Park,1155193
2022,Gates of the Arctic National Park & Preserve,9457
2022,Gateway Arch National Park,1618774
2022,Glacier Bay National Park & Preserve,545758
2022,Glacier National Park,2908458
2022,Grand Canyon National Park,4732101
2022,Grand Teton National Park,2806223
2022,Great Basin National Park,142115
2022,Great Sand Dunes National Park & Preserve,493428
2022,Great Smoky Mountains National Park,12937633
2022,Guadalupe Mountains National Park,219987
2022,Haleakala National Park,1087616
2022,Hawaii Volcanoes National Park,1580961
2022,Hot Springs National Park,2646133
2022,Indiana Dunes National Park,2834180
2022,Isle Royale National Park,25454
2022,Joshua Tree National Park,3058294
2022,Katmai National Park & Preserve,33908
2022,Kenai Fjords National Park,389943
2022,Kings Canyon National Park,640986
2022,Kobuk Valley National Park,16925
2022,Lake Clark National Park & Preserve,18187
2022,Lassen Volcanic National Park,446291
2022,Mammoth Cave National Park,663147
2022,Mesa Verde National Park,499790
2022,Mount Rainier National Park,1622395
2022,New River Gorge National Park & Preserve,1593523
2022,North Cascades National Park,30154
2022,Olympic National Park,2432972
2022,Petrified Forest National Park,505209
2022,Pinnacles National Park,275023
2022,Redwood National Park,458400
2022,Rock Creek Park,2026156
2022,Rocky Mountain National Park,4300424
2022,Saguaro National Park,908194
2022,Sequoia National Park,1153198
2022,Shenandoah National Park,1449300
2022,Theodore Roosevelt National Park,668679
2022,Virgin Islands National Park,196752
2022,Voyageurs National Park,221434
2022,White Sands National Park,705127
2022,Wind Cave National Park,607418
2022,Wrangell-St. Elias National Park & Preserve,65236
2022,Yellowstone National Park,3290242
2022,Yosemite National Park,3667550
2022,Zion National Park,4692417
2023,Acadia National Park,3879890
2023,Arches National Park,1482045
2023,Badlands National Park,1046400
2023,Big Bend National Park,509129
2023,Biscayne National Park,571242
2023,Black Canyon of the Gunnison National Park,357069
2023,Bryce Canyon National Park,2461269
2023,Canyonlands National Park,800322
2023,Capitol Reef National Park,1268861
2023,Carlsbad Caverns National Park,394121
2023,Channel Islands National Park,328746
2023,Congaree National Park,250114
2023,Crater Lake National Park,559976
2023,Cuyahoga Valley National Park,2860059
2023,Death Valley National Park,1099632
2023,Denali National Park & Preserve,498722
2023,Dry Tortugas National Park,84285
2023,Everglades National Park,810189
2023,Gates of the Arctic National Park & Preserve,11045
2023,Gateway Arch National Park,2422836
2023,Glacier Bay National Park & Preserve,703659
2023,Glacier National Park,2933616
2023,Grand Canyon National Park,4733705
2023,Grand Teton National Park,3417106
2023,Great Basin National Park,143265
2023,Great Sand Dunes National Park & Preserve,512219
2023,Great Smoky Mountains National Park,13297647
2023,Guadalupe Mountains National Park,227340
2023,Haleakala National Park,791292
2023,Hawaii Volcanoes National Park,1620294
2023,Hot Springs National Park,2502967
2023,Indiana Dunes National Park,2765892
2023,Isle Royale National Park,28965
2023,Joshua Tree National Park,3270404
2023,Katmai National Park & Preserve,33763
2023,Kenai Fjords National Park,387525
2023,Kings Canyon National Park,643065
2023,Kobuk Valley National Park,17616
2023,Lake Clark National Park & Preserve,16728
2023,Lassen Volcanic National Park,418978
2023,Mammoth Cave National Park,654450
2023,Mesa Verde National Park,505194
2023,Mount Rainier National Park,1674294
2023,New River Gorge National Park & Preserve,1707223
2023,North Cascades National Park,40351
2023,Olympic National Park,2947503
2023,Petrified Forest National Park,520491
2023,Pinnacles National Park,341220
2023,Redwood National Park,409105
2023,Rock Creek Park,1817868
2023,Rocky Mountain National Park,4115837
2023,Saguaro National Park,1010906
2023,Sequoia National Park,980567
2023,Shenandoah National Park,1576008
2023,Theodore Roosevelt National Park,746862
2023,Virgin Islands National Park,343685
2023,Voyageurs National Park,220825
2023,White Sands National Park,729096
2023,Wind Cave National Park,592459
2023,Wrangell-St. Elias National Park & Preserve,78305
2023,Yellowstone National Park,4501382
2023,Yosemite National Park,3897070
2023,Zion National Park,4623238
2024,Acadia National Park,3961661
2024,Arches National Park,1466528
2024,Badlands National Park,1094245
2024,Big Bend National Park,561458
2024,Biscayne National Park,512213
2024,Black Canyon of the Gunnison National Park,335862
2024,Bryce Canyon National Park,2498075
2024,Canyonlands National Park,818492
2024,Capitol Reef National Park,1422490
2024,Carlsbad Caverns National Park,460474
2024,Channel Islands National Park,262581
2024,Congaree National Park,242049
2024,Crater Lake National Park,504942
2024,Cuyahoga Valley National Park,2912454
2024,Death Valley National Park,1440484
2024,Denali National Park & Preserve,466227
2024,Dry Tortugas National Park,84873
2024,Everglades National Park,741983
2024,Gates of the Arctic National Park & Preserve,11907
2024,Gateway Arch National Park,2563052
2024,Glacier Bay National Park & Preserve,736282
2024,Glacier National Park,3208755
2024,Grand Canyon National Park,4919163
2024,Grand Teton National Park,3628222
2024,Great Basin National Park,152068
2024,Great Sand Dunes National Park & Preserve,437661
2024,Great Smoky Mountains National Park,12191834
2024,Guadalupe Mountains National Park,226134
2024,Haleakala National Park,732477
2024,Hawaii Volcanoes National Park,1433593
2024,Hot Springs National Park,2461812
2024,Indiana Dunes National Park,2705209
2024,Isle Royale National Park,28806
2024,Joshua Tree National Park,2991874
2024,Katmai National Park & Preserve,36230
2024,Kenai Fjords National Park,419468
2024,Kings Canyon National Park,699389
2024,Kobuk Valley National Park,17233
2024,Lake Clark National Park & Preserve,18505
2024,Lassen Volcanic National Park,357651
2024,Mammoth Cave National Park,747042
2024,Mesa Verde National Park,480065
2024,Mount Rainier National Park,1620006
2024,New River Gorge National Park & Preserve,1811937
2024,North Cascades National Park,16485
2024,Olympic National Park,3717267
2024,Petrified Forest National Park,559254
2024,Pinnacles National Park,354076
2024,Redwood National Park,622883
2024,Rock Creek Park,1917170
2024,Rocky Mountain National Park,4154349
2024,Saguaro National Park,946369
2024,Sequoia National Park,1309573
2024,Shenandoah National Park,1720211
2024,Theodore Roosevelt National Park,732951
2024,Virgin Islands National Park,423029
2024,Voyageurs National Park,199030
2024,White Sands National Park,702236
2024,Wind Cave National Park,489399
2024,Wrangell-St. Elias National Park & Preserve,81670
2024,Yellowstone National Park,4744353
2024,Yosemite National Park,4121807
2024,Zion National Park,4946592